﻿{"urls":[
{"name":"🐲青龙1080","url":"clan://localhost/6758/青龙/1.json"},
{"name":"🐲青龙4K","url":"clan://localhost/6758/青龙/2.json"},
{"name":"🐯白虎","url":"https://gitee.com/yiwu369/6758/raw/master/白虎/白虎.json"},
{"name":"🐮王二小","url":"http://tvbox.王二小放牛娃.top"},
{"name":"🅾️OK杰克","url":"http://ok321.top/tv"},
{"name":"🍚饭太硬","url":"http://www.饭太硬.com/tv"},
{"name":"🍊小虎斑","url":"http://hb.小虎斑.site:25252/仅供测试"},
{"name":"🐼肥猫","url":"http://肥猫.com"},
{"name":"🐠摸鱼","url":"http://我不是.摸鱼儿.com"},
{"name":"🈲天上人间","url":"clan://localhost/6758/天上人间/2.json"}
]}